Sản phẩm,SKU,Đơn vị,Giá lẻ,Giá sỉ,KHOADL,VITA,VYQN,NAMAN,TRAMQ10,TUANTHUY,HOA,TUANH,ANHPR,GREENTECH,P50,LOYAL
Bí xanh khô (gói 50gr),XUANLOC160,Gói,80.000,65.000,65.000,0,0,0,0,0,0,0,0,0,65.000,0
Hạt ngũ cốc thanh xuân,XUANLOC167,Gói,93.000,65.000,65.000,65.000,65.000,0,65.000,65.000,65.000,65.000,0,65.000,65.000,65.000
Bột mè đen cửu chưng cửu sái (hủ 500gr),XUANLOC155,Hủ,265.000,185.000,185.000,0,0,0,0,0,0,0,0,0,185.000,0
Hành tây trắng (củ nhỏ),MOUNTAIN166,Kg,63.000,38.000,38.000,38.000,38.000,0,38.000,0,38.000,38.000,0,0,38.000,38.000
Xích tiểu đậu,MOUNTAIN165,Kg,126.000,95.000,95.000,95.000,95.000,0,95.000,90.000,95.000,90.000,90.000,95.000,95.000,95.000
Cà chua,MOUNTAIN164,Kg,57.000,40.000,40.000,40.000,40.000,0,40.000,40.000,40.000,40.000,40.000,43.000,40.000,40.000
Cao sâm 100gr,XUANLOC166,Hộp,508.000,352.000,352.000,0,352.000,0,352.000,352.000,352.000,352.000,0,352.000,352.000,352.000
Nước chuối len men,XUANLOC165,Lít,0,230.000,230.000,0,0,0,0,0,0,0,0,0,230.000,0
Trà xích tiểu đậu (gói 250gr),XUANLOC154,Gói,65.000,45.000,45.000,45.000,45.000,0,45.000,45.000,45.000,45.000,0,45.000,45.000,45.000
Tai heo,HANGTUOI71,Kg,202.000,202.000,202.000,0,0,0,0,202.000,0,0,0,0,202.000,170.000
Bó xôi,MOUNTAIN163,Kg,65.000,45.000,45.000,48.000,45.000,0,37.000,0,45.000,45.000,0,48.000,45.000,45.000
Bột khoai lang chín (gói 100gr),MOUNTAIN162,Gói,59.000,43.000,43.000,43.000,43.000,0,43.000,43.000,43.000,43.000,0,43.000,43.000,43.000
Nước dâu tằm lên men (500ml),XUANLOC153,Chai,0,99.000,99.000,0,0,0,0,0,0,0,0,0,99.000,0
Set quà Tết,XUANLOC999,Set,0,0,0,0,0,0,0,0,0,0,0,0,0,0
Bắp cải thảo,MOUNTAIN159,Kg,57.000,40.000,40.000,40.000,40.000,40.000,40.000,40.000,40.000,40.000,40.000,43.000,40.000,40.000
Thùng giấy,Q101,Kg,0,6.500,6.500,0,0,0,0,0,0,0,0,0,6.500,0
Tiêu hạt,MOUNTAIN158,Kg,0,400.000,400.000,0,0,0,0,0,0,0,0,0,400.000,0
Gói xông nhà,XUANLOCKHD13,Gói,22.000,15.000,15.000,0,0,0,0,0,0,0,0,0,15.000,0
Bắp cải (sú),MOUNTAIN157,Kg,57.000,40.000,40.000,40.000,40.000,40.000,40.000,40.000,40.000,40.000,40.000,43.000,40.000,40.000
Dưa leo (tặng),MOUNTAINKHD6,Kg,0,0,0,0,0,0,0,0,0,0,0,0,0,0
Đậu ve  (tặng),MOUNTAINKHD5,Kg,0,0,0,0,0,0,0,0,0,0,0,0,0,0
Cám,MOUNTAINKHD4,Kg,15.000,0,15.000,0,0,0,0,0,0,0,0,0,15.000,0
Trứng gà (tặng),MOUNTAINKHD3,Cái,0,0,0,0,0,0,0,0,0,0,0,0,0,0
Khoai lang (nhỏ),MOUNTAINKHD2,Kg,0,42.000,0,0,0,0,0,0,0,0,0,0,0,0
Khoai lang (cạp),MOUNTAINKHD1,Kg,48.000,33.600,33.600,0,0,0,0,0,0,33.600,0,0,33.600,0
Rượu nếp cẩm vắt,XUANLOCKHD12,Lít,258.000,180.000,180.000,180.000,180.000,0,180.000,180.000,180.000,180.000,0,180.000,180.000,180.000
Rượu nếp trắng vắt (chai nhựa 500ml),XUANLOCKHD11,Lít,229.000,160.000,160.000,160.000,160.000,0,160.000,160.000,160.000,160.000,0,160.000,160.000,160.000
Bánh chưng,XUANLOCKHD10,cây,0,0,0,0,0,0,0,0,0,0,0,0,0,0
Rượu nếp trắng,XUANLOCKHD9,Lít,70.000,70.000,70.000,70.000,70.000,0,70.000,70.000,70.000,70.000,0,70.000,70.000,70.000
Rượu trắng 40 độ,XUANLOCKHD8,Kg,55.000,55.000,55.000,55.000,55.000,55.000,55.000,55.000,55.000,55.000,55.000,55.000,55.000,55.000
Rượu trắng 35 độ,XUANLOCKHD7,Kg,45.000,45.000,45.000,45.000,45.000,45.000,45.000,45.000,45.000,45.000,45.000,45.000,45.000,45.000
Rượu nếp trắng 40 độ,XUANLOCKHD6,Kg,65.000,65.000,65.000,65.000,65.000,65.000,65.000,65.000,65.000,65.000,65.000,65.000,65.000,65.000
Gói tắm thân lá khổ qua,XUANLOCKHD5,Gói,10.000,8.000,8.000,0,0,0,0,0,0,0,0,0,8.000,0
"Gói tắm (ngãi cứu,tía tô,lá sả, thân khổ qua, hương nhu, gừng)",XUANLOCKHD4,Gói,18.000,12.000,12.000,0,0,0,0,0,0,0,0,0,12.000,0
Gừng xoa bóp có địa liền (500ml),XUANLOCKHD3,Chai,70.000,49.000,49.000,0,0,0,0,0,0,49.000,0,0,49.000,0
Gừng xoa bóp (500ml),XUANLOCKHD2,Chai,53.000,37.000,37.000,0,0,0,0,0,0,0,0,0,37.000,0
Gói xông,XUANLOCKHD1,Gói,22.000,15.000,15.000,0,0,0,0,0,0,0,0,0,15.000,0
Tiêu hạt (gói 100gr),MOUNTAIN156,Gói,55.000,40.000,40.000,40.000,40.000,0,40.000,40.000,40.000,40.000,0,40.000,40.000,40.000
Mắc khén (gói 100gr),MOUNTAIN155,Gói,55.000,38.000,38.000,38.000,38.000,0,38.000,38.000,38.000,38.000,0,38.000,38.000,38.000
Cà ri hạt (gói 100gr),MOUNTAIN154,Gói,47.000,32.000,32.000,32.000,32.000,0,32.000,32.000,32.000,32.000,0,32.000,32.000,32.000
Gạo phối ngũ cốc (gói 100gr),MOUNTAIN153,Gói,19.000,13.000,13.000,13.000,13.000,0,13.000,13.000,13.000,13.000,0,13.000,13.000,13.000
Sét ăn dặm cho các bé (size nhỏ),MOUNTAIN152,Gói,207.000,155.000,155.000,155.000,155.000,0,155.000,155.000,155.000,155.000,0,155.000,155.000,155.000
Sét ăn dặm cho các bé (size lớn),MOUNTAIN151,Gói,260.000,195.000,195.000,195.000,195.000,0,195.000,195.000,195.000,195.000,0,195.000,195.000,195.000
"Gạo ăn dặm (xà cơn,kê,bobo) gói 500gr",MOUNTAIN150,Gói,84.000,58.000,58.000,58.000,58.000,0,58.000,58.000,58.000,58.000,0,58.000,58.000,58.000
Sét hạt kê đậu xanh,MOUNTAIN149,Gói,34.000,19.000,19.000,19.000,19.000,0,19.000,19.000,19.000,19.000,0,19.000,19.000,19.000
Hạt ngũ cốc dưỡng huyết,MOUNTAIN148,Gói,42.000,27.000,27.000,27.000,27.000,0,27.000,27.000,27.000,27.000,0,27.000,27.000,27.000
Gạo mix baby,MOUNTAIN147,Kg,92.000,69.000,69.000,69.000,69.000,0,69.000,69.000,69.000,69.000,0,69.000,69.000,69.000
Gạo mix 15 loại đậu hạt,MOUNTAIN146,Kg,95.000,71.000,71.000,71.000,71.000,0,71.000,71.000,71.000,71.000,0,71.000,71.000,71.000
Tỏi,MOUNTAIN145,Kg,185.000,129.000,129.000,129.000,129.000,134.000,129.000,122.000,129.000,129.000,0,129.000,129.000,129.000
Gừng trâu,MOUNTAIN144,Kg,72.000,50.000,50.000,50.000,50.000,0,50.000,50.000,50.000,50.000,0,50.000,50.000,50.000
Gừng sẻ,MOUNTAIN143,Kg,90.000,63.000,63.000,63.000,63.000,0,63.000,63.000,63.000,63.000,0,63.000,63.000,63.000
Nghệ,MOUNTAIN142,Kg,57.000,40.000,40.000,40.000,40.000,0,40.000,40.000,40.000,40.000,0,40.000,40.000,40.000
Sả,MOUNTAIN141,Kg,36.000,25.000,25.000,25.000,25.000,0,25.000,25.000,25.000,25.000,0,25.000,25.000,25.000
Hành tím khô,MOUNTAIN140,Kg,172.000,120.000,120.000,120.000,120.000,0,120.000,111.000,120.000,120.000,0,120.000,120.000,120.000
Hành tím tươi,MOUNTAIN139,Kg,130.000,85.000,85.000,85.000,85.000,0,85.000,85.000,85.000,85.000,0,85.000,85.000,85.000
Hành tây tím,MOUNTAIN138,Kg,75.000,50.000,50.000,50.000,50.000,0,50.000,48.000,50.000,50.000,0,50.000,50.000,50.000
Hành tây trắng,MOUNTAIN137,Kg,70.000,45.000,45.000,45.000,45.000,0,45.000,43.000,45.000,45.000,0,45.000,45.000,45.000
Bí xanh,MOUNTAIN136,Kg,42.000,27.000,27.000,27.000,27.000,0,27.000,25.000,27.000,27.000,0,30.000,27.000,27.000
Bầu,MOUNTAIN135,Kg,42.000,27.000,27.000,27.000,27.000,0,27.000,25.000,27.000,27.000,0,30.000,27.000,27.000
Bí đỏ,MOUNTAIN134,Kg,42.000,27.000,27.000,27.000,27.000,0,27.000,25.000,27.000,27.000,0,30.000,27.000,27.000
Bắp nếp,MOUNTAIN133,Kg,43.000,28.000,28.000,31.000,28.000,0,28.000,27.000,28.000,28.000,0,31.000,28.000,28.000
Dưa Leo,MOUNTAIN132,Kg,45.000,30.000,30.000,30.000,30.000,0,30.000,27.000,30.000,30.000,0,33.000,30.000,30.000
Đậu ve,MOUNTAIN131,Kg,48.000,33.000,33.000,33.000,33.000,0,33.000,31.000,33.000,33.000,0,36.000,33.000,33.000
Đậu đũa,MOUNTAIN130,Kg,48.000,33.000,33.000,33.000,33.000,0,33.000,31.000,33.000,33.000,0,36.000,33.000,33.000
Củ cải trắng,MOUNTAIN129,Kg,40.000,25.000,25.000,25.000,25.000,0,25.000,25.000,25.000,25.000,0,28.000,25.000,25.000
Củ cải trắng (có lá),MOUNTAIN128,Kg,37.000,22.000,22.000,22.000,22.000,0,22.000,22.000,22.000,22.000,0,25.000,22.000,22.000
Khoai môn,MOUNTAIN127,Kg,72.000,50.000,50.000,50.000,50.000,0,50.000,48.000,50.000,50.000,0,53.000,50.000,50.000
Khoai sọ,MOUNTAIN126,Kg,63.000,44.000,44.000,44.000,44.000,0,44.000,42.000,44.000,44.000,0,47.000,44.000,44.000
Khoai mỡ,MOUNTAIN125,Kg,63.000,44.000,44.000,44.000,44.000,0,44.000,42.000,44.000,44.000,0,47.000,44.000,44.000
Khoai lang,MOUNTAIN124,Kg,60.000,42.000,42.000,42.000,42.000,0,42.000,40.000,42.000,42.000,0,45.000,42.000,42.000
Mướp,MOUNTAIN123,Kg,40.000,25.000,25.000,25.000,25.000,0,25.000,24.000,25.000,25.000,0,28.000,25.000,25.000
Ớt đỏ (chỉ thiên),MOUNTAIN122,Kg,72.000,50.000,50.000,50.000,50.000,0,50.000,45.000,50.000,50.000,0,53.000,50.000,50.000
Mồng tơi,MOUNTAIN121,Kg,65.000,45.000,45.000,48.000,45.000,0,37.000,0,45.000,45.000,0,48.000,45.000,45.000
Cải thìa,MOUNTAIN120,Kg,65.000,45.000,45.000,48.000,45.000,0,37.000,0,45.000,45.000,0,48.000,45.000,45.000
Cải xanh,MOUNTAIN119,Kg,65.000,45.000,45.000,48.000,45.000,0,37.000,0,45.000,45.000,0,48.000,45.000,45.000
Cải ngọt,MOUNTAIN118,Kg,65.000,45.000,45.000,48.000,45.000,0,37.000,0,45.000,45.000,0,48.000,45.000,45.000
Cải đuôi phụng,MOUNTAIN117,Kg,65.000,45.000,45.000,48.000,45.000,0,37.000,0,45.000,45.000,0,48.000,45.000,45.000
Cải cúc,MOUNTAIN116,Kg,65.000,45.000,45.000,48.000,45.000,0,37.000,0,45.000,45.000,0,48.000,45.000,45.000
Rau ngót,MOUNTAIN115,Kg,65.000,45.000,45.000,48.000,45.000,0,45.000,0,45.000,45.000,0,48.000,45.000,45.000
Rau muống nước,MOUNTAIN114,Kg,65.000,45.000,45.000,48.000,37.000,0,37.000,0,45.000,45.000,0,48.000,45.000,45.000
Rau dền,MOUNTAIN113,Kg,65.000,45.000,45.000,48.000,45.000,0,37.000,0,45.000,45.000,0,48.000,45.000,45.000
Rau lang,MOUNTAIN112,Kg,65.000,45.000,45.000,48.000,45.000,0,37.000,0,45.000,45.000,0,48.000,45.000,45.000
Tía tô,MOUNTAIN111,Kg,86.000,60.000,60.000,63.000,60.000,0,60.000,0,60.000,60.000,0,63.000,60.000,60.000
Hành lá,MOUNTAIN110,Kg,86.000,60.000,60.000,63.000,60.000,0,43.000,0,60.000,60.000,0,63.000,60.000,60.000
Ngò rí,MOUNTAIN109,Kg,93.000,65.000,65.000,68.000,65.000,0,60.000,0,65.000,65.000,0,68.000,65.000,65.000
Nếp cẩm trồng đồi,MOUNTAIN108,Kg,100.000,70.000,70.000,70.000,70.000,0,70.000,70.000,70.000,70.000,52.000,70.000,70.000,70.000
Nếp than,MOUNTAIN107,Kg,100.000,70.000,70.000,70.000,70.000,0,70.000,70.000,70.000,70.000,52.000,70.000,70.000,70.000
Nếp hoa vàng xát lứt,MOUNTAIN106,Kg,75.000,52.000,52.000,52.000,0,0,52.000,52.000,52.000,42.000,49.000,52.000,52.000,52.000
Nếp hoa vàng xát dối,MOUNTAIN105,Kg,75.000,52.000,52.000,52.000,0,0,52.000,52.000,52.000,42.000,49.000,52.000,52.000,52.000
Nếp hoa vàng xát trắng,MOUNTAIN104,Kg,75.000,52.000,52.000,52.000,45.000,0,52.000,52.000,52.000,42.000,49.000,52.000,52.000,52.000
Nếp nương xát lứt,MOUNTAIN103,Kg,70.000,47.000,47.000,47.000,47.000,0,47.000,47.000,47.000,40.000,0,47.000,47.000,47.000
Nếp nương xát dối,MOUNTAIN102,Kg,70.000,47.000,47.000,47.000,47.000,0,47.000,47.000,47.000,40.000,0,47.000,47.000,47.000
Nếp nương xát trắng,MOUNTAIN101,Kg,70.000,47.000,47.000,47.000,47.000,0,47.000,47.000,47.000,40.000,0,47.000,47.000,47.000
Nếp bắc xát lứt,MOUNTAIN100,Kg,66.000,44.000,44.000,44.000,44.000,0,44.000,44.000,44.000,40.000,0,44.000,44.000,44.000
Nếp bắc xát dối,MOUNTAIN99,Kg,66.000,44.000,44.000,44.000,44.000,0,44.000,44.000,44.000,40.000,0,44.000,44.000,44.000
Nếp bắc xát trắng,MOUNTAIN98,Kg,66.000,44.000,44.000,44.000,44.000,0,44.000,44.000,44.000,40.000,0,44.000,44.000,44.000
Gạo đỏ xưa xát lứt,MOUNTAIN97,Kg,57.000,46.000,40.000,46.000,46.000,0,46.000,46.000,46.000,40.000,0,46.000,46.000,46.000
Gạo đỏ xưa xát dối,MOUNTAIN96,Kg,57.000,46.000,40.000,46.000,46.000,0,46.000,46.000,46.000,40.000,0,46.000,46.000,46.000
Gạo đỏ xưa xát trắng,MOUNTAIN95,Kg,57.000,46.000,40.000,46.000,46.000,0,46.000,46.000,46.000,40.000,0,46.000,46.000,46.000
Gạo xà cơn trắng lứt,MOUNTAIN94,Kg,57.000,46.000,40.000,46.000,46.000,0,46.000,46.000,46.000,38.000,0,46.000,46.000,46.000
Gạo xà cơn trắng dối,MOUNTAIN93,Kg,57.000,46.000,40.000,46.000,46.000,0,46.000,46.000,46.000,38.000,0,46.000,46.000,46.000
Gạo xà cơn trắng trắng,MOUNTAIN92,Kg,57.000,46.000,40.000,46.000,46.000,0,46.000,46.000,46.000,38.000,0,46.000,46.000,46.000
Gạo xà cơn đỏ lứt,MOUNTAIN91,Kg,57.000,46.000,40.000,46.000,46.000,0,46.000,46.000,46.000,38.000,0,46.000,46.000,46.000
Gạo xà cơn đỏ dối,MOUNTAIN90,Kg,57.000,46.000,40.000,46.000,46.000,0,46.000,46.000,46.000,38.000,0,46.000,46.000,46.000
Gạo xà cơn đỏ trắng,MOUNTAIN89,Kg,57.000,46.000,40.000,46.000,46.000,0,46.000,46.000,46.000,38.000,0,46.000,46.000,46.000
Gạo đồi tròn lứt,MOUNTAIN88,Kg,52.000,42.000,40.000,42.000,42.000,0,42.000,42.000,42.000,38.000,0,42.000,42.000,42.000
Gạo đồi tròn dối,MOUNTAIN87,Kg,52.000,42.000,40.000,42.000,42.000,0,42.000,42.000,42.000,38.000,0,42.000,42.000,42.000
Gạo đồi tròn trắng,MOUNTAIN86,Kg,52.000,42.000,40.000,42.000,42.000,0,42.000,42.000,42.000,38.000,0,42.000,42.000,42.000
Gạo huyết rồng xát lứt,MOUNTAIN85,Kg,57.000,46.000,40.000,46.000,46.000,0,46.000,46.000,46.000,40.000,0,46.000,46.000,46.000
Gạo huyết rồng xát dối,MOUNTAIN84,Kg,57.000,46.000,40.000,46.000,46.000,0,46.000,46.000,46.000,40.000,0,46.000,46.000,46.000
Gạo huyết rồng xát trắng,MOUNTAIN83,Kg,57.000,46.000,40.000,46.000,46.000,0,46.000,46.000,46.000,40.000,0,46.000,46.000,46.000
Gạo thơm dẻo lứt,MOUNTAIN82,Kg,41.000,30.000,30.000,30.000,30.000,0,30.000,30.000,30.000,30.000,0,30.000,30.000,30.000
Gạo thơm dẻo dối,MOUNTAIN81,Kg,41.000,30.000,30.000,30.000,30.000,0,30.000,30.000,30.000,30.000,0,30.000,30.000,30.000
Gạo thơm dẻo trắng,MOUNTAIN80,Kg,41.000,30.000,30.000,30.000,30.000,0,30.000,30.000,30.000,30.000,0,30.000,30.000,30.000
Gạo ST24 lứt,MOUNTAIN79,Kg,51.000,40.500,40.500,40.500,40.500,0,40.500,40.500,40.500,40.500,0,40.500,40.500,40.500
Gạo ST24 dối,MOUNTAIN78,Kg,51.000,40.500,40.500,40.500,40.500,0,40.500,40.500,40.500,40.500,0,40.500,40.500,40.500
Gạo ST24  trắng,MOUNTAIN77,Kg,51.000,40.500,40.500,40.500,40.500,0,40.500,40.500,40.500,40.500,0,40.500,40.500,40.500
Đậu xanh,MOUNTAIN76,Kg,118.000,89.000,89.000,89.000,89.000,0,89.000,82.000,89.000,82.000,82.000,89.000,89.000,89.000
Đậu xanh vỡ đôi,MOUNTAIN75,Kg,125.000,94.000,94.000,94.000,94.000,0,94.000,82.000,94.000,82.000,82.000,94.000,94.000,94.000
Đậu xanh tách vỏ,MOUNTAIN74,Kg,134.000,100.000,100.000,100.000,100.000,0,100.000,0,100.000,0,0,100.000,100.000,100.000
Đậu đen xanh lòng,MOUNTAIN73,Kg,126.000,95.000,95.000,95.000,95.000,0,95.000,90.000,95.000,90.000,90.000,95.000,95.000,95.000
Đậu đỏ,MOUNTAIN72,Kg,126.000,95.000,95.000,95.000,95.000,0,95.000,90.000,95.000,90.000,90.000,95.000,95.000,95.000
Đậu nành,MOUNTAIN71,Kg,126.000,95.000,95.000,95.000,95.000,0,95.000,82.000,95.000,82.000,82.000,95.000,95.000,95.000
Đậu trắng,MOUNTAIN70,Kg,113.000,84.000,84.000,84.000,84.000,0,84.000,84.000,84.000,84.000,84.000,84.000,84.000,84.000
Đậu ván,MOUNTAIN69,Kg,126.000,95.000,95.000,95.000,95.000,0,95.000,95.000,95.000,95.000,0,95.000,95.000,95.000
Đậu phộng khô (nhân),MOUNTAIN68,Kg,187.000,140.000,140.000,140.000,140.000,0,140.000,140.000,140.000,128.000,128.000,140.000,140.000,140.000
Bo bo,MOUNTAIN67,Kg,222.000,166.000,166.000,166.000,166.000,0,166.000,166.000,166.000,160.000,0,166.000,166.000,166.000
Bắp khô,MOUNTAIN66,Kg,82.000,61.000,61.000,61.000,61.000,0,61.000,61.000,61.000,0,0,61.000,61.000,61.000
Mè đen,MOUNTAIN65,Kg,231.000,175.000,175.000,175.000,175.000,0,175.000,175.000,175.000,160.000,160.000,175.000,175.000,175.000
Mè vàng,MOUNTAIN64,Kg,231.000,175.000,175.000,175.000,175.000,0,175.000,175.000,175.000,160.000,160.000,175.000,175.000,175.000
Mè trắng,MOUNTAIN63,Kg,231.000,175.000,175.000,175.000,175.000,0,175.000,175.000,175.000,160.000,160.000,175.000,175.000,175.000
Kê nếp,MOUNTAIN62,Kg,210.000,158.000,158.000,158.000,158.000,0,158.000,158.000,158.000,148.000,135.000,158.000,158.000,158.000
Gạo thơm + Đậu xanh +Kê nếp,MOUNTAIN61,Kg,75.000,56.000,56.000,56.000,56.000,0,56.000,56.000,56.000,0,0,56.000,56.000,56.000
Gạo thơm + Đậu đỏ +Kê nếp,MOUNTAIN60,Kg,75.000,56.000,56.000,56.000,56.000,0,56.000,56.000,56.000,0,0,56.000,56.000,56.000
Gạo thơm + Đậu đen +Kê nếp,MOUNTAIN59,Kg,75.000,56.000,56.000,56.000,56.000,0,56.000,56.000,56.000,0,0,56.000,56.000,56.000
Gạo xà cơn trắng +Đậu xanh+Kê nếp,MOUNTAIN58,Kg,89.000,66.000,66.000,66.000,66.000,0,66.000,66.000,66.000,0,0,66.000,66.000,66.000
Gạo xà cơn trắng +Đậu đỏ+Kê nếp,MOUNTAIN57,Kg,89.000,66.000,66.000,66.000,66.000,0,66.000,66.000,66.000,0,0,66.000,66.000,66.000
Gạo xà cơn trắng +Đậu đen+Kê nếp,MOUNTAIN56,Kg,89.000,66.000,66.000,66.000,66.000,0,66.000,66.000,66.000,0,0,66.000,66.000,66.000
Gạo huyết rồng +Đậu xanh+Kê nếp,MOUNTAIN55,Kg,89.000,66.000,66.000,66.000,66.000,0,66.000,66.000,66.000,0,0,66.000,66.000,66.000
Gạo huyết rồng +Đậu đỏ +Kê nếp,MOUNTAIN54,Kg,89.000,66.000,66.000,66.000,66.000,0,66.000,66.000,66.000,0,0,66.000,66.000,66.000
Gạo huyết rồng +Đậu đen +Kê nếp,MOUNTAIN53,Kg,89.000,66.000,66.000,66.000,66.000,0,66.000,66.000,66.000,0,0,66.000,66.000,66.000
Gạo mix ST24+Thơm (lứt),MOUNTAIN52,Kg,48.000,35.000,35.000,35.000,35.000,0,35.000,35.000,35.000,0,0,35.000,35.000,35.000
Gạo mix ST24+Thơm (dối),MOUNTAIN51,Kg,48.000,35.000,35.000,35.000,35.000,0,35.000,35.000,35.000,0,0,35.000,35.000,35.000
Gạo mix ST24+Thơm (trắng),MOUNTAIN50,Kg,48.000,35.000,35.000,35.000,35.000,0,35.000,35.000,35.000,0,0,35.000,35.000,35.000
Gạo trắng,MOUNTAIN49,Kg,0,0,0,0,25.500,0,0,0,0,0,0,0,0,0
Trứng gà,MOUNTAIN48,Cái,5.500,5.500,5.500,5.500,5.500,5.500,5.500,5.500,5.500,5.500,5.500,5.500,5.500,5.500
Trứng vịt,MOUNTAIN47,Cái,5.500,5.500,5.500,5.500,5.500,5.500,5.500,5.500,5.500,5.500,5.500,5.500,5.500,5.500
Rau muống hạt,MOUNTAIN46,Kg,65.000,45.000,45.000,48.000,37.000,45.000,45.000,45.000,45.000,45.000,45.000,48.000,45.000,45.000
Lúa nếp nương,MOUNTAIN45,Kg,25.500,25.500,25.500,25.500,25.500,25.500,25.500,25.500,25.500,25.500,25.500,25.500,25.500,25.500
Dưa leo (đèo),MOUNTAIN44,Kg,18.000,18.000,18.000,18.000,18.000,18.000,18.000,18.000,18.000,18.000,18.000,18.000,18.000,18.000
Lúa xà cơn trắng,MOUNTAIN43,Kg,25.500,25.500,25.500,25.500,25.500,25.500,25.500,25.500,25.500,25.500,25.500,25.500,25.500,25.500
Thơm (sz 700gr - 900gr),MOUNTAIN42,Kg,19.000,19.000,19.000,19.000,19.000,19.000,19.000,19.000,19.000,19.000,19.000,19.000,19.000,19.000
Thơm (sz 400gr-650gr),MOUNTAIN41,Kg,16.000,16.000,16.000,16.000,16.000,16.000,16.000,16.000,16.000,16.000,16.000,16.000,16.000,16.000
Thơm(sz 1kg trở lên),MOUNTAIN40,Kg,21.000,21.000,21.000,21.000,21.000,21.000,21.000,21.000,21.000,21.000,21.000,21.000,21.000,21.000
Lúa thơm,MOUNTAIN39,Kg,20.000,20.000,20.000,20.000,20.000,20.000,20.000,20.000,20.000,20.000,20.000,20.000,20.000,20.000
Đậu bắp,MOUNTAIN38,Kg,57.000,40.000,40.000,40.000,40.000,40.000,40.000,40.000,40.000,40.000,40.000,43.000,40.000,40.000
Lúa đỏ,MOUNTAIN37,Kg,25.500,25.500,25.500,25.500,25.500,25.500,25.500,25.500,25.500,25.500,25.500,25.500,25.500,25.500
Diếp cá,MOUNTAIN36,Kg,86.000,60.000,60.000,60.000,60.000,60.000,60.000,60.000,60.000,60.000,60.000,63.000,60.000,60.000
Khổ qua,MOUNTAIN35,Kg,57.000,40.000,40.000,40.000,40.000,40.000,40.000,40.000,40.000,40.000,40.000,43.000,40.000,40.000
Sachi,MOUNTAIN34,Kg,0,75.000,75.000,0,0,0,0,0,0,0,0,0,75.000,0
Tỏi vụng,MOUNTAIN33,Kg,100.000,100.000,100.000,100.000,100.000,100.000,100.000,100.000,100.000,100.000,100.000,100.000,100.000,100.000
Tỏi lột sẵn,MOUNTAIN32,Kg,0,190.000,190.000,0,0,0,0,0,0,0,0,0,190.000,190.000
Sét ăn dặm 1 (Gạo ST24 xát trắng + Kê nếp) 500gr,MOUNTAIN31,Gói,47.000,33.000,33.000,33.000,33.000,33.000,33.000,33.000,33.000,33.000,33.000,33.000,33.000,33.000
Ngãi cứu,MOUNTAIN30,Kg,86.000,60.000,60.000,60.000,60.000,60.000,60.000,60.000,60.000,60.000,60.000,63.000,60.000,60.000
Đương quy có lá,MOUNTAIN29,Kg,0,160.000,160.000,0,0,0,0,0,0,0,0,0,160.000,0
Đương quy củ,MOUNTAIN28,Kg,0,160.000,160.000,0,0,0,0,0,0,0,0,0,160.000,0
Ớt sừng,MOUNTAIN27,Kg,72.000,50.000,50.000,50.000,50.000,50.000,50.000,50.000,50.000,50.000,50.000,50.000,50.000,50.000
Xà lách,MOUNTAIN26,Kg,65.000,45.000,45.000,45.000,45.000,0,37.000,0,45.000,45.000,0,48.000,45.000,45.000
Ngọn bí,MOUNTAIN25,Kg,57.000,0,40.000,0,0,0,0,0,0,0,0,0,40.000,0
Gạo thơm dẻo trắng (xá),MOUNTAIN24,Kg,40.500,29.500,0,0,0,0,0,0,0,0,0,0,29.500,0
Chanh xanh,MOUNTAIN23,Kg,60.000,0,40.000,40.000,40.000,0,40.000,40.000,40.000,40.000,0,43.000,40.000,40.000
Gạo ST24 + Đậu (xanh+đỏ) + Kê nếp,MOUNTAIN22,Kg,0,60.000,60.000,0,0,0,0,0,0,0,0,0,60.000,0
Gạo ST24 dối (xá ),MOUNTAIN21,Kg,50.500,40.000,0,0,0,0,0,0,0,0,0,0,40.000,0
Gạo xà cơn trắng trắng (xá),MOUNTAIN20,Kg,56.500,45.500,0,0,0,0,0,0,0,0,0,0,45.500,0
Gạo thơm dẻo dối (xá),MOUNTAIN19,Kg,40.500,29.500,0,0,0,0,0,0,0,0,0,0,29.500,0
Hạt sen khô,MOUNTAIN18,Kg,0,0,390.000,0,0,0,0,0,0,0,0,0,390.000,0
"Mix đậu (xanh,đen ,trắng, đỏ)",MOUNTAIN17,Kg,0,90.000,90.000,0,0,0,0,0,0,0,0,0,90.000,0
Nếp cái hoa vàng xát lứt - Lớp sữa,MOUNTAIN16,Kg,52.000,0,0,0,0,0,0,0,0,0,0,0,0,0
Đậu xanh (làm giá),MOUNTAIN15,Kg,126.000,90.000,0,0,0,0,0,0,0,0,0,0,0,0
Khoai sọ gọt sẵn,MOUNTAIN14,Kg,0,0,79.000,0,0,0,0,0,0,0,0,0,79.000,0
Gạo ST24  trắng (xá),MOUNTAIN13,Kg,50.500,40.000,0,0,0,0,0,0,0,0,0,0,40.000,0
Gạo thơm xát trắng - túi 5kg (Hàng chương trình 15/1-25/1),MOUNTAINKHD12,Túi,170.000,120.000,120.000,0,0,0,0,0,0,0,0,0,120.000,0
Khoai sọ chạy số lượng từ 5kg (sale),MOUNTAIN11,Kg,0,41.000,0,0,0,0,0,0,0,0,0,0,0,0
Khoai lang (héo),MOUNTAIN10,Kg,48.000,33.600,33.600,0,0,0,0,0,0,33.600,0,0,33.600,0
Cải ngồng,MOUNTAIN9,Kg,65.000,45.000,45.000,48.000,45.000,0,37.000,0,45.000,45.000,0,48.000,45.000,45.000
Lúa nếp hoa vàng,MOUNTAIN8,Kg,32.000,32.000,32.000,0,0,0,0,0,0,0,0,0,32.000,0
Chanh cao,MOUNTAIN7,Kg,150.000,0,0,0,0,0,0,0,0,0,0,0,0,0
Su hào,MOUNTAIN6,Kg,57.000,40.000,40.000,40.000,40.000,40.000,40.000,40.000,40.000,40.000,40.000,43.000,40.000,40.000
Hành tây tím (củ nhỏ),MOUNTAIN5,Kg,68.000,43.000,43.000,43.000,43.000,0,43.000,0,43.000,43.000,0,0,43.000,43.000
Khoai sọ (củ nhỏ),MOUNTAIN4,Kg,51.000,32.000,32.000,32.000,32.000,0,32.000,0,32.000,32.000,0,0,32.000,32.000
Hoa hành,MOUNTAIN3,Kg,57.000,40.000,40.000,40.000,40.000,40.000,40.000,40.000,40.000,40.000,40.000,43.000,40.000,40.000
Táo (anh Vàng),MOUNTAIN2,Kg,65.000,0,0,0,0,0,0,0,0,0,0,0,0,0
Cải bẹ xanh,MOUNTAIN1,Kg,65.000,45.000,45.000,48.000,45.000,0,37.000,0,45.000,45.000,0,48.000,45.000,45.000
Măng luộc,XUANLOC152,Kg,79.000,59.000,59.000,59.000,59.000,59.000,59.000,59.000,59.000,59.000,59.000,59.000,59.000,59.000
Bột gạo huyết rồng,XUANLOC151,Hủ,100.000,70.000,70.000,70.000,70.000,0,70.000,70.000,70.000,70.000,0,70.000,70.000,70.000
Bột ngũ đậu (hủ 500gr),XUANLOC150,Hủ,175.000,120.000,120.000,120.000,120.000,0,120.000,120.000,120.000,120.000,0,120.000,120.000,120.000
Xá bấu (gói 200gr),XUANLOC149,Gói,23.000,16.000,16.000,16.000,16.000,0,16.000,16.000,16.000,16.000,0,16.000,16.000,16.000
Mè đen rang ( gói 100gr),XUANLOC148,Gói,36.000,25.000,25.000,25.000,25.000,0,25.000,25.000,25.000,25.000,0,25.000,25.000,25.000
"Măng chua (ớt, tỏi) (gói 150gr)",XUANLOC147,Gói,30.000,19.000,19.000,19.000,19.000,0,19.000,19.000,19.000,19.000,0,19.000,19.000,19.000
Ngò sấy khô (100gr),XUANLOC146,Gói,110.000,77.000,77.000,77.000,77.000,0,77.000,77.000,77.000,77.000,0,77.000,77.000,77.000
Bột ngũ cốc baby (hủ 500gr),XUANLOC145,Hủ,200.000,140.000,140.000,140.000,140.000,0,140.000,140.000,140.000,140.000,0,140.000,140.000,140.000
Bột nghệ gia vị (gói 100gr),XUANLOC144,Gói,105.000,73.000,73.000,0,0,0,0,0,0,0,0,0,73.000,0
Trà gạo lứt rang cháy (gói 250gr),XUANLOC143,Gói,45.000,28.000,28.000,28.000,28.000,0,28.000,28.000,28.000,28.000,0,28.000,28.000,28.000
Bột ngũ cốc nảy mầm (hủ 500gr),XUANLOC142,Hủ,215.000,150.000,150.000,150.000,150.000,0,150.000,150.000,150.000,150.000,0,150.000,150.000,150.000
Sate ớt (đóng xá),XUANLOC141,Kg,0,0,0,0,0,0,0,0,0,0,0,0,0,0
Bột khoai môn (gói 100gr),XUANLOC140,Gói,54.000,38.000,38.000,38.000,38.000,0,38.000,38.000,38.000,38.000,0,38.000,38.000,38.000
Bột khoai lang (gói 100gr),XUANLOC139,Gói,54.000,38.000,38.000,38.000,38.000,0,38.000,38.000,38.000,38.000,0,38.000,38.000,38.000
Bột bí đỏ (gói 100gr),XUANLOC138,Gói,54.000,38.000,38.000,38.000,38.000,0,38.000,38.000,38.000,38.000,0,38.000,38.000,38.000
Chanh đào mật ong (hủ 250ml),XUANLOC137,Hủ,88.000,58.000,58.000,58.000,58.000,0,58.000,58.000,58.000,58.000,0,58.000,58.000,58.000
Mật ong rừng,MOUNTAIN160,Lít,900.000,700.000,700.000,0,0,0,700.000,0,0,0,0,0,700.000,0
Khoai lang khô (gói 250gr),XUANLOC135,Kg,72.000,50.000,50.000,50.000,50.000,0,50.000,50.000,50.000,50.000,0,50.000,50.000,50.000
Bột nghệ gia vị (xá),XUANLOC134,Kg,0,700.000,700.000,700.000,700.000,0,700.000,700.000,700.000,700.000,0,700.000,700.000,700.000
Bột gạo,XUANLOC133,Kg,114.000,79.000,79.000,79.000,79.000,0,79.000,79.000,79.000,79.000,0,79.000,79.000,79.000
Bột nếp,XUANLOC132,Kg,120.000,84.000,84.000,84.000,84.000,0,84.000,84.000,84.000,84.000,0,84.000,84.000,84.000
Nước chuối len men (350ml),XUANLOC131,Chai,129.000,90.000,90.000,90.000,90.000,0,90.000,90.000,90.000,90.000,0,90.000,90.000,90.000
Phở gạo trắng,XUANLOC130,Kg,130.000,90.000,90.000,90.000,90.000,0,90.000,90.000,90.000,80.000,0,90.000,90.000,90.000
Phở gạo lứt,XUANLOC129,Kg,130.000,90.000,90.000,90.000,90.000,0,90.000,90.000,90.000,80.000,0,90.000,90.000,90.000
Phở gạo gấc,XUANLOC128,Kg,130.000,90.000,90.000,90.000,90.000,0,90.000,90.000,90.000,80.000,0,90.000,90.000,90.000
Phở gạo mè đen,XUANLOC127,Kg,130.000,90.000,90.000,90.000,90.000,0,90.000,90.000,90.000,80.000,0,90.000,90.000,90.000
Bún gạo trắng,XUANLOC126,Kg,130.000,90.000,90.000,90.000,90.000,0,90.000,90.000,90.000,80.000,0,90.000,90.000,90.000
Bún gạo gấc,XUANLOC125,Kg,130.000,90.000,90.000,90.000,90.000,0,90.000,90.000,90.000,80.000,0,90.000,90.000,90.000
Bún gạo lứt,XUANLOC124,Kg,130.000,90.000,90.000,90.000,90.000,0,90.000,90.000,90.000,80.000,0,90.000,90.000,90.000
Bún gạo mè đen,XUANLOC123,Kg,130.000,90.000,90.000,90.000,90.000,0,90.000,90.000,90.000,80.000,0,90.000,90.000,90.000
Phở gạo đậu đỏ,XUANLOC122,Kg,130.000,90.000,90.000,90.000,90.000,0,90.000,90.000,90.000,80.000,0,90.000,90.000,90.000
Mật ong cà phê,MOUNTAIN161,Lít,0,0,0,0,0,0,0,0,0,0,0,0,0,0
Bún gạo đậu đỏ,XUANLOC120,Kg,130.000,90.000,90.000,90.000,90.000,0,90.000,90.000,90.000,80.000,0,90.000,90.000,90.000
Phở mix,XUANLOC119,Kg,130.000,90.000,90.000,90.000,90.000,0,90.000,90.000,90.000,80.000,0,90.000,90.000,90.000
Bún mix,XUANLOC118,Kg,130.000,90.000,90.000,90.000,90.000,0,90.000,90.000,90.000,80.000,0,90.000,90.000,90.000
Bột gừng pha uống (hủ 50gr),XUANLOC117,Hủ,85.000,55.000,55.000,55.000,55.000,0,55.000,55.000,55.000,55.000,0,55.000,55.000,55.000
Bột gừng gia vị (hủ 50gr),XUANLOC116,Hủ,80.000,50.000,50.000,50.000,50.000,0,50.000,50.000,50.000,50.000,0,50.000,50.000,50.000
Bột nghệ gia vị (hủ 50gr),XUANLOC115,Hủ,75.000,45.000,45.000,45.000,45.000,0,45.000,45.000,45.000,45.000,0,45.000,45.000,45.000
Bột hành tây tím gia vị (hủ 50gr),XUANLOC114,Hủ,143.000,100.000,100.000,100.000,100.000,0,100.000,100.000,100.000,100.000,0,100.000,100.000,100.000
Trà đậu đen (gói 500gr),XUANLOC113,Gói,0,90.000,90.000,90.000,90.000,0,90.000,90.000,90.000,90.000,0,90.000,90.000,90.000
Trà đậu gạo (gói 500gr),XUANLOC112,Gói,0,90.000,90.000,90.000,90.000,0,90.000,90.000,90.000,90.000,0,90.000,90.000,90.000
Bột hành tím gia vị (hủ 50gr),XUANLOC111,Hủ,143.000,100.000,100.000,100.000,100.000,0,100.000,100.000,100.000,100.000,0,100.000,100.000,100.000
Bột sả gia vị (hủ 50gr),XUANLOC110,Hủ,70.000,40.000,40.000,40.000,40.000,0,40.000,40.000,40.000,40.000,0,40.000,40.000,40.000
Bột tỏi gia vị (hủ 50gr),XUANLOC109,Hủ,150.000,105.000,105.000,105.000,105.000,0,105.000,105.000,105.000,105.000,0,105.000,105.000,105.000
Trà gạo lứt (gói 250gr),XUANLOC108,Gói,45.000,28.000,28.000,28.000,28.000,0,28.000,28.000,28.000,28.000,0,28.000,28.000,28.000
Sâm dây khô,XUANLOC107,Kg,800.000,0,800.000,0,0,0,0,0,0,0,0,0,800.000,0
Nghệ khô (xá),XUANLOC106,Kg,0,450.000,450.000,450.000,450.000,0,450.000,450.000,450.000,450.000,0,450.000,450.000,450.000
Chanh đào mật ong (hủ 500ml),XUANLOC105,Hủ,150.000,100.000,100.000,100.000,100.000,0,100.000,100.000,100.000,100.000,0,100.000,100.000,100.000
Muối ngâm chân,XUANLOC104,Hủ,79.000,55.000,55.000,55.000,55.000,0,55.000,55.000,55.000,55.000,0,55.000,55.000,55.000
Bột gừng uống (xá),XUANLOC103,Kg,0,0,0,0,0,0,0,0,0,0,0,0,0,0
Nước dâu tằm lên men (350ml),XUANLOC102,Chai,98.000,68.000,68.000,68.000,68.000,0,68.000,68.000,68.000,68.000,0,68.000,68.000,68.000
Nghệ ngâm mật ong (250ml),XUANLOC101,Hủ,112.000,78.000,78.000,78.000,78.000,0,78.000,78.000,78.000,78.000,0,78.000,78.000,78.000
Táo mèo ngâm mật ong (350ml),XUANLOC100,Chai,155.000,108.000,108.000,108.000,108.000,0,108.000,108.000,108.000,108.000,0,108.000,108.000,108.000
Bột gừng mật ong (hủ 250ml),XUANLOC99,Hủ,140.000,98.000,98.000,98.000,98.000,0,98.000,98.000,98.000,98.000,0,98.000,98.000,98.000
Giấm táo mèo,XUANLOC98,Chai,58.000,58.000,58.000,58.000,58.000,0,58.000,58.000,58.000,58.000,0,58.000,58.000,58.000
Miến dong,XUANLOC97,Kg,206.000,162.000,162.000,162.000,162.000,0,162.000,162.000,162.000,162.000,0,162.000,162.000,162.000
Nước dâu tằm lên men,XUANLOC96,Lít,230.000,170.000,170.000,170.000,170.000,0,170.000,170.000,170.000,170.000,0,170.000,170.000,170.000
Trà đậu gạo (gói 250gr),XUANLOC95,Gói,65.000,45.000,45.000,45.000,45.000,0,45.000,45.000,45.000,45.000,0,45.000,45.000,45.000
Hủ tiếu khô,XUANLOC94,Kg,150.000,105.000,105.000,105.000,105.000,0,105.000,105.000,96.800,105.000,0,105.000,105.000,105.000
Bánh nổ có đường (gói 200gr),XUANLOC93,Gói,41.000,28.000,28.000,28.000,28.000,0,28.000,28.000,28.000,28.000,0,28.000,28.000,28.000
Bột mình tinh,XUANLOC92,Kg,267.000,187.000,187.000,187.000,187.000,0,187.000,187.000,187.000,187.000,0,187.000,187.000,187.000
Bột ngũ cốc (hủ 500gr),XUANLOC91,Hủ,158.000,110.000,110.000,110.000,110.000,0,110.000,110.000,110.000,110.000,0,110.000,110.000,110.000
Bột gừng gia vị (xá),XUANLOC90,Kg,0,0,0,0,0,0,0,0,0,0,0,0,0,0
Bột riềng gia vị (hủ 50gr),XUANLOC89,Hủ,70.000,40.000,40.000,40.000,40.000,0,40.000,40.000,40.000,40.000,0,40.000,40.000,40.000
Gừng gia vị sấy lát,XUANLOC88,Kg,870.000,570.000,570.000,570.000,570.000,0,570.000,570.000,570.000,570.000,0,570.000,570.000,570.000
Bột ớt đỏ gia vị (hủ 50gr),XUANLOC87,Hủ,80.000,50.000,50.000,50.000,50.000,0,50.000,50.000,50.000,50.000,0,50.000,50.000,50.000
Tắc ngâm mật ong (hủ 250ml),XUANLOC86,Hủ,88.000,58.000,58.000,58.000,58.000,0,58.000,58.000,58.000,58.000,0,58.000,58.000,58.000
Sả sấy lát (xá),XUANLOC85,Kg,0,400.000,400.000,400.000,400.000,0,400.000,400.000,400.000,400.000,0,400.000,400.000,400.000
Gừng lát ngâm mật ong (250ml),XUANLOC84,Hủ,119.000,83.000,83.000,83.000,83.000,0,83.000,83.000,83.000,83.000,0,83.000,83.000,83.000
Trà tía tô (50gr),XUANLOC83,Gói,43.000,25.000,25.000,25.000,25.000,0,25.000,25.000,25.000,25.000,0,25.000,25.000,25.000
Bơ đậu phộng (hủ 300gr),XUANLOC82,Hủ,107.000,77.000,77.000,77.000,77.000,0,77.000,77.000,77.000,77.000,0,77.000,77.000,77.000
Bơ đậu phộng (hủ 150gr),XUANLOC81,Hủ,68.000,47.000,47.000,47.000,47.000,0,47.000,47.000,47.000,47.000,0,47.000,47.000,47.000
Nghệ sấy lát (xá),XUANLOC80,Kg,0,480.000,480.000,480.000,480.000,0,480.000,480.000,480.000,480.000,0,480.000,480.000,480.000
Ớt khô nguyên trái (gói 50gr),XUANLOC79,Gói,41.000,26.000,26.000,26.000,26.000,0,26.000,26.000,26.000,26.000,0,26.000,26.000,26.000
Gừng gia vị sấy lát (gói 50gr),XUANLOC78,Gói,45.000,30.000,30.000,30.000,30.000,0,30.000,30.000,30.000,30.000,0,30.000,30.000,30.000
Trà sả (sả sấy khô)(gói 50gr),XUANLOC77,Gói,40.000,22.000,22.000,22.000,22.000,0,22.000,22.000,22.000,22.000,0,22.000,22.000,22.000
Nước nho lên men (350ml),XUANLOC76,Chai,98.000,68.000,68.000,68.000,68.000,0,68.000,68.000,68.000,68.000,0,68.000,68.000,68.000
"Măng chua (ớt, tỏi) (hủ 500gr)",XUANLOC75,Hủ,70.000,48.000,48.000,48.000,48.000,0,48.000,48.000,48.000,48.000,0,48.000,48.000,48.000
Nghệ sấy lát (gói 50gr),XUANLOC74,Gói,43.000,28.000,28.000,28.000,28.000,0,28.000,28.000,28.000,28.000,0,28.000,28.000,28.000
Trà gừng (gừng uống sấy lát) (gói 100gr),XUANLOC73,Gói,95.000,65.000,65.000,65.000,65.000,0,65.000,65.000,65.000,65.000,0,65.000,65.000,65.000
Hành tím khô sấy lát (gói 50gr),XUANLOC72,Gói,106.000,74.000,74.000,74.000,74.000,0,74.000,74.000,74.000,74.000,0,74.000,74.000,74.000
Tỏi khô sấy lát (gói 50gr),XUANLOC71,Gói,113.000,79.000,79.000,0,0,0,0,0,0,0,0,0,79.000,0
Xá bấu,XUANLOC70,Kg,0,0,0,0,0,0,0,0,0,66.000,0,0,0,0
Bánh nổ không đường (gói 200gr),XUANLOC69,Gói,41.000,28.000,28.000,28.000,28.000,0,28.000,28.000,28.000,28.000,0,28.000,28.000,28.000
Bột mè cửu chưng cửu sái (hủ 100gr),XUANLOC68,Hủ,65.000,0,45.000,0,0,0,0,0,0,0,0,0,45.000,0
Mè cửu chưng cửu sái (hủ 200gr),XUANLOC67,Hủ,185.000,126.000,126.000,126.000,126.000,0,126.000,126.000,126.000,126.000,0,126.000,126.000,126.000
Dưa leo muối ngọt (gói 150gr),XUANLOC66,Gói,36.000,27.000,27.000,27.000,27.000,0,27.000,27.000,27.000,27.000,0,27.000,27.000,27.000
Sét nấu nước 7 gói (Mã đề+ Rau má + Rau bắp + Rễ cỏ tranh),XUANLOC65,Gói,120.000,80.000,80.000,80.000,80.000,0,80.000,80.000,80.000,80.000,0,80.000,80.000,80.000
Hoài sơn (gói 50gr),XUANLOC64,Gói,50.000,0,0,0,0,0,0,0,0,0,0,0,0,0
Bơ đậu phộng (hủ 5kg),XUANLOC63,Hủ,0,1.228.000,1.228.000,1.228.000,1.228.000,0,1.228.000,1.228.000,1.228.000,1.228.000,0,1.228.000,1.228.000,1.228.000
Hoài sơn,XUANLOC62,Kg,0,750.000,750.000,750.000,750.000,0,750.000,750.000,750.000,750.000,0,750.000,750.000,750.000
Sét hầm nước 7 món (gói 90gr-100gr),XUANLOC61,Gói,89.000,62.000,62.000,62.000,62.000,0,62.000,62.000,62.000,62.000,0,62.000,62.000,62.000
Trà sâm dây (hủ 100gr),XUANLOC60,Hủ,180.000,120.000,120.000,120.000,120.000,0,120.000,120.000,120.000,120.000,0,120.000,120.000,120.000
Sét hầm gà (sâm+bo bo+kê+gừng+ hoài sơn),XUANLOC59,Gói,0,0,0,0,0,0,0,0,70.000,0,0,0,0,0
Sét hầm gà (sâm+bo bo+kê+nấm+gừng+ hoài sơn),XUANLOC58,Gói,0,0,0,0,0,0,0,0,87.000,0,0,0,0,0
Dầu hành phi (hủ 150gr),XUANLOC57,Hủ,89.000,59.000,59.000,59.000,59.000,0,59.000,59.000,59.000,59.000,0,59.000,59.000,59.000
Trà đậu săng (gói 250gr),XUANLOC56,Gói,100.000,70.000,70.000,70.000,70.000,0,70.000,70.000,70.000,70.000,0,70.000,70.000,70.000
Ngãi cứu sấy khô (gói 50gr),XUANLOC55,Gói,52.000,26.000,26.000,26.000,26.000,0,26.000,26.000,26.000,26.000,0,26.000,26.000,26.000
Củ cải khô,XUANLOC54,Kg,0,500.000,500.000,500.000,500.000,0,500.000,500.000,500.000,500.000,0,500.000,500.000,500.000
Hành tím muối chua (hủ 250gr),XUANLOC53,Hủ,70.000,55.000,55.000,55.000,55.000,0,55.000,55.000,55.000,55.000,0,55.000,55.000,55.000
Rau má sấy khô (50gr),XUANLOC52,Gói,55.000,35.000,35.000,35.000,35.000,0,35.000,35.000,35.000,35.000,0,35.000,35.000,35.000
Sét hạt hoài sơn kê bo bo,XUANLOC51,Gói,59.000,39.000,39.000,39.000,39.000,0,39.000,39.000,39.000,39.000,0,39.000,39.000,39.000
Củ cải khô (gói 100gr),XUANLOC50,Gói,72.000,50.000,50.000,50.000,50.000,0,50.000,50.000,50.000,50.000,0,50.000,50.000,50.000
Hành lá sấy khô (50gr),XUANLOC49,Gói,55.000,38.000,38.000,38.000,38.000,0,38.000,38.000,38.000,38.000,0,38.000,38.000,38.000
Hành tây khô sấy lát (gói 50gr),XUANLOC48,Gói,106.000,74.000,74.000,74.000,74.000,0,74.000,74.000,74.000,74.000,0,74.000,74.000,74.000
Gừng chua ngọt (gói 200gr),XUANLOC47,Gói,70.000,40.000,40.000,40.000,40.000,0,40.000,40.000,40.000,40.000,0,40.000,40.000,40.000
Củ cải nguyên củ khô (gói 100gr),XUANLOC46,Gói,72.000,50.000,50.000,50.000,50.000,0,50.000,50.000,50.000,50.000,0,50.000,50.000,50.000
Cải muối chua nguyên cây,XUANLOC45,Kg,85.000,65.000,65.000,65.000,65.000,0,65.000,65.000,65.000,65.000,0,65.000,65.000,65.000
Cà rốt sấy khô (gói 100gr),XUANLOC44,Gói,80.000,65.000,65.000,65.000,65.000,0,65.000,65.000,65.000,65.000,0,65.000,65.000,65.000
Dầu đậu phộng,XUANLOC43,Lít,285.000,200.000,200.000,200.000,200.000,0,200.000,200.000,200.000,200.000,0,200.000,200.000,200.000
Sate ớt,XUANLOC42,Hủ,89.000,59.000,59.000,59.000,59.000,0,59.000,59.000,59.000,59.000,0,59.000,59.000,59.000
Sate ớt sả,XUANLOC41,Hủ,89.000,59.000,59.000,59.000,59.000,0,59.000,59.000,59.000,59.000,0,59.000,59.000,59.000
Sate ớt sả tỏi,XUANLOC40,Hủ,89.000,59.000,59.000,59.000,59.000,0,59.000,59.000,59.000,59.000,0,59.000,59.000,59.000
Sate ớt tỏi,XUANLOC39,Hủ,89.000,59.000,59.000,59.000,59.000,0,59.000,59.000,59.000,59.000,0,59.000,59.000,59.000
Dầu điều màu (250ml),XUANLOC38,Chai,113.000,79.000,79.000,79.000,79.000,0,79.000,79.000,79.000,79.000,0,79.000,79.000,79.000
Dầu điều màu (100ml),XUANLOC37,Chai,59.000,39.000,39.000,39.000,39.000,0,39.000,39.000,39.000,39.000,0,39.000,39.000,39.000
Dầu mè đen (250ml),XUANLOC36,Chai,158.000,110.000,110.000,110.000,110.000,0,110.000,110.000,110.000,110.000,0,110.000,110.000,110.000
Măng khô (gói 100gr),XUANLOC35,Gói,60.000,42.000,42.000,42.000,42.000,42.000,42.000,42.000,42.000,42.000,42.000,42.000,42.000,42.000
Măng khô (gói 200gr),XUANLOC34,Gói,117.000,82.000,82.000,82.000,82.000,82.000,82.000,82.000,82.000,82.000,82.000,82.000,82.000,82.000
Mít luộc,XUANLOC33,Kg,0,35.000,35.000,35.000,35.000,35.000,35.000,35.000,35.000,35.000,35.000,35.000,35.000,35.000
Bánh tráng nướng,XUANLOC32,Cái,6.000,0,0,0,0,0,0,0,0,0,0,0,0,0
Bột đậu đen cửu chưng cửu sái (200gr),XUANLOC31,Hủ,76.000,0,53.000,0,0,0,0,0,0,0,0,0,53.000,0
Bột ớt đỏ gia vị (xá),XUANLOC30,Kg,858.000,600.000,600.000,0,0,0,0,0,440.000,0,0,0,600.000,0
Phở gạo trắng (tặng),XUANLOC29,Kg,0,0,0,0,0,0,0,0,0,0,0,0,0,0
Bột đậu đen cửu chưng cửu sái (500gr),XUANLOC28,Hủ,168.000,0,117.000,0,0,0,0,0,0,0,0,0,117.000,0
Trà tía tô (xá),XUANLOC27,Kg,0,0,366.000,0,0,0,0,0,0,0,0,0,366.000,0
"Sét canh hầm bổ tỳ (Bo Bo, Hoài sơn, Táo đỏ, Gừng)",XUANLOC26,Gói,47.000,32.000,32.000,0,0,0,0,0,0,0,0,0,32.000,0
Sét cháo nếp táo đỏ hạt sen gừng,XUANLOC25,Gói,55.000,38.000,38.000,0,0,0,0,0,0,0,0,0,38.000,0
Sét cháo nếp táo đỏ gừng,XUANLOC24,Gói,47.000,32.000,32.000,0,0,0,0,0,0,0,0,0,32.000,0
Bột gừng pha uống (hủ 100gr),XUANLOC23,Hủ,160.000,0,0,0,0,0,0,0,0,0,0,0,0,0
Bột ớt đỏ gia vị (gói 100gr),XUANLOC22,Gói,118.000,83.000,83.000,0,0,0,0,0,0,0,0,0,83.000,0
Trà sâm dây (gói 300gr),XUANLOC21,Gói,525.000,0,0,0,0,0,0,0,0,0,0,0,0,0
Mứt gừng dẻo đường cát lu (hủ 200gr),XUANLOC20,Hủ,79.000,59.000,59.000,0,0,0,0,0,0,0,0,0,59.000,0
Hành tây sấy (kg),XUANLOC19,Kg,0,0,432.000,0,0,0,0,0,0,0,0,0,432.000,0
Hành lá khô (kg),XUANLOC18,Kg,0,0,367.000,0,0,0,0,0,0,0,0,0,367.000,0
Sâm dây ngâm mật ong (hủ 120gr),XUANLOC17,Hủ,178.000,135.000,135.000,0,0,0,0,0,0,0,0,0,135.000,0
Măng khô (xá),XUANLOC16,Kg,0,0,395.000,0,0,0,0,0,0,0,0,0,395.000,0
Mứt gừng dẻo đường mía thô (hủ 200gr),XUANLOC15,Hủ,130.000,95.000,95.000,0,0,0,0,0,0,0,0,0,95.000,0
Bột gạo xà cơn trắng (xay thô) hủ 500gr,XUANLOC14,Hủ,75.000,50.000,50.000,0,0,0,0,0,0,0,0,0,50.000,0
Bột gạo huyết rồng (xay thô) hủ 500gr,XUANLOC13,Hủ,75.000,50.000,50.000,0,0,0,0,0,0,0,0,0,50.000,0
Dầu mè đen,XUANLOC12,Lít,570.000,400.000,400.000,0,0,0,0,0,0,0,0,0,400.000,0
Ớt khô nguyên trái (xá),XUANLOC11,Gói,0,460.000,460.000,0,0,0,0,0,0,0,0,0,460.000,0
Mứt gừng dẻo đường mía thô (hủ 500gr),XUANLOC10,Hủ,315.000,220.000,220.000,0,0,0,0,0,0,0,0,0,220.000,0
Rau bắp khô (100gr),XUANLOC9,Gói,0,0,80.000,0,0,0,0,0,0,0,0,0,80.000,0
Rau bắp khô (100gr).,XUANLOC8,Gói,0,0,80.000,0,0,0,0,0,0,0,0,0,80.000,0
Sét nấu sữa hạt 15 gói,XUANLOC7,Set,295.000,220.000,220.000,0,0,0,0,0,0,0,0,0,220.000,0
Đậu ván rang củi (500gr),XUANLOC6,Gói,130.000,90.000,90.000,0,0,0,0,0,0,0,0,0,90.000,0
Gói nấu sữa hạt 50gr,XUANLOC5,Set,20.000,0,0,0,0,0,0,0,0,0,0,0,0,0
"Sét trà mát dưỡng huyết 7 gói (bo bo, xích tiểu đậu, rau bắp)",XUANLOC4,Set,125.000,0,92.000,0,0,0,0,0,0,0,0,0,92.000,0
Sét trà gừng sả 7 gói,XUANLOC3,Gói,54.000,0,38.000,0,0,0,0,0,0,0,0,0,38.000,0
Sét trà gừng sả táo đỏ kỷ tử 7 gói,XUANLOC2,Gói,234.000,0,175.000,0,0,0,0,0,0,0,0,0,175.000,0
Măng khô (gói 500gr),XUANLOC1,Gói,0,200.000,200.000,0,0,0,0,0,0,0,0,0,200.000,0
Cật,HANGTUOI51,Kg,191.000,191.000,0,0,0,0,0,0,191.000,0,0,0,0,0
Huyết,HANGTUOI50,Kg,0,0,0,0,0,0,0,0,15.000,0,0,0,0,0
Cuốn họng,HANGTUOI49,Kg,0,0,0,0,0,0,0,0,0,0,0,0,0,0
Ba chỉ rút xương,HANGTUOI48,Kg,234.000,234.000,234.000,0,0,0,0,234.000,178.000,0,0,0,234.000,202.000
Cốt lết,HANGTUOI47,Kg,234.000,234.000,234.000,0,0,0,0,234.000,148.000,0,0,0,234.000,202.000
Đùi,HANGTUOI46,Kg,234.000,234.000,234.000,0,0,0,0,234.000,168.000,0,0,0,234.000,202.000
Đuôi,HANGTUOI45,Kg,234.000,234.000,234.000,0,0,0,0,234.000,0,0,0,0,234.000,202.000
Nạc dăm,HANGTUOI44,Kg,234.000,234.000,234.000,0,0,0,0,234.000,168.000,0,0,0,234.000,202.000
Thịt xay,HANGTUOI43,Kg,234.000,234.000,234.000,0,0,0,0,234.000,0,0,0,0,234.000,202.000
Giò,HANGTUOI42,Kg,234.000,234.000,234.000,0,0,0,0,234.000,0,0,0,0,234.000,202.000
Sườn non,HANGTUOI41,Kg,244.000,244.000,244.000,0,0,0,0,244.000,178.000,0,0,0,244.000,212.000
Dồi huyết,HANGTUOI40,Kg,191.000,191.000,191.000,0,0,0,0,191.000,158.000,0,0,0,191.000,159.000
Bao tử,HANGTUOI39,Kg,202.000,202.000,202.000,0,0,0,0,202.000,0,0,0,0,202.000,170.000
Tai,HANGTUOI38,Kg,202.000,202.000,202.000,0,0,0,0,202.000,0,0,0,0,202.000,170.000
Tim,HANGTUOI37,Kg,234.000,234.000,234.000,0,0,0,0,234.000,0,0,0,0,234.000,202.000
Xương,HANGTUOI36,Kg,191.000,191.000,191.000,0,0,0,0,191.000,0,0,0,0,191.000,159.000
Xương cổ,HANGTUOI35,Kg,191.000,191.000,191.000,0,0,0,0,191.000,128.000,0,0,0,191.000,159.000
Xương ống,HANGTUOI34,Kg,170.000,170.000,170.000,0,0,0,0,170.000,98.000,0,0,0,170.000,138.000
Lưỡi,HANGTUOI33,Kg,202.000,202.000,202.000,0,0,0,0,202.000,0,0,0,0,202.000,170.000
Mỡ heo,HANGTUOI32,Kg,170.000,170.000,170.000,0,0,0,0,170.000,0,0,0,0,170.000,138.000
Gan,HANGTUOI31,Kg,128.000,128.000,128.000,0,0,0,0,128.000,80.000,0,0,0,128.000,96.000
Óc,HANGTUOI30,Bộ,43.000,43.000,43.000,0,0,0,0,43.000,0,0,0,0,43.000,38.000
Gà ta,HANGTUOI29,Kg,234.000,234.000,234.000,0,0,0,0,234.000,0,0,0,0,234.000,212.000
Gà bản,HANGTUOI28,Kg,0,0,0,0,0,0,0,0,165.000,0,0,0,0,0
Lòng Hấp,HANGTUOI27,Kg,244.000,244.000,244.000,0,0,0,0,244.000,0,0,0,0,244.000,212.000
Nạc vai,HANGTUOI26,Kg,234.000,234.000,234.000,0,0,0,0,234.000,0,0,0,0,234.000,202.000
Vịt đồng,HANGTUOI25,Con,234.000,234.000,234.000,0,0,0,0,234.000,0,0,0,0,234.000,212.000
Chim bồ câu,HANGTUOI24,Con,122.000,122.000,122.000,0,0,0,0,122.000,0,0,0,0,122.000,117.000
Công gà,HANGTUOI23,Con,0,0,0,0,0,0,0,0,10.000,0,0,0,0,0
Sườn cọng,HANGTUOI22,Kg,244.000,244.000,244.000,0,0,0,0,244.000,0,0,0,0,244.000,212.000
"Mỡ heo + Công cắt, thắng mỡ, đóng hộp",HANGTUOI21,Kg,205.000,205.000,205.000,0,0,0,0,205.000,0,0,0,0,205.000,0
Gà ác nhỏ,HANGTUOI20,Con,106.000,106.000,106.000,0,0,0,0,106.000,0,0,0,0,106.000,101.000
Cật,HANGTUOI19,Kg,191.000,191.000,191.000,0,0,0,0,191.000,0,0,0,0,191.000,159.000
Phụ phí thùng xốp,HANGTUOI18,Kg,20.000,20.000,20.000,0,0,0,0,20.000,0,0,0,0,20.000,0
Lòng tươi,HANGTUOI17,Kg,170.000,170.000,170.000,0,0,0,0,170.000,0,0,0,0,170.000,138.000
Đùi bò,HANGTUOI16,Kg,0,0,0,0,0,0,0,0,0,0,0,0,0,340.000
Bắp bò,HANGTUOI15,Kg,0,0,0,0,0,0,0,0,0,0,0,0,0,310.000
Phi lê bò,HANGTUOI14,Kg,0,0,0,0,0,0,0,0,0,0,0,0,0,0
Nạc thăn,HANGTUOI13,Kg,234.000,234.000,234.000,0,0,0,0,234.000,168.000,200.000,200.000,0,234.000,202.000
Nạm bò,HANGTUOI12,Kg,0,0,0,0,0,0,0,0,0,0,0,0,0,0
Móng heo,HANGTUOI11,Kg,234.000,234.000,234.000,0,0,0,0,234.000,0,0,0,0,234.000,202.000
Gà ác lớn,HANGTUOI10,Con,276.000,276.000,276.000,0,0,0,0,276.000,0,0,0,0,276.000,256.000
Dạ trường,HANGTUOI9,Kg,0,0,0,0,0,0,0,0,0,0,0,0,0,0
Má heo,HANGTUOI8,Kg,0,0,0,0,0,0,0,0,0,0,0,0,0,0
Da heo,HANGTUOI7,Kg,0,0,0,0,0,0,0,0,0,0,0,0,0,0
Gù bò,HANGTUOI6,Kg,0,0,0,0,0,0,0,0,225.000,0,0,0,0,0
Xương ống lóc thịt,HANGTUOI5,Kg,0,0,0,0,0,0,0,0,85.000,0,0,0,0,0
Thăn bò,HANGTUOI4,Kg,0,0,0,0,0,0,0,0,0,0,0,0,0,350.000
Sườn già,HANGTUOI3,Kg,234.000,234.000,234.000,0,0,0,0,234.000,0,0,0,0,234.000,202.000
Lá xách (lá mía) heo,HANGTUOI2,Kg,0,0,0,0,0,0,0,0,0,0,0,0,0,0
Đầu heo,HANGTUOI1,Kg,0,0,0,0,0,0,0,0,0,0,0,0,0,0